id,text,label,language
1,"Деньги списались дважды за один заказ, верните пожалуйста",payment,ru
2,"Оплатил подписку, а она не активировалась, куда ушли деньги?",payment,ru
3,"Не приходит возврат за отменённый заказ, прошло уже 10 дней",payment,ru
4,"Карта списалась, но заказ не оформился. Что делать?",payment,ru
5,"Почему с меня сняли 4990 вместо 2990? Разберитесь",payment,ru
6,"Сделал возврат товара неделю назад, денег до сих пор нет",payment,ru
7,"При оплате пишет ошибку, но смс о списании пришла",payment,ru
8,"Хочу вернуть деньги за заказ 88213, товар не подошёл",payment,ru
9,"Двойное списание по карте, чек прилагаю",payment,ru
10,"платеж завис в обработке уже второй день, ни денег ни заказа",payment,ru
11,"Промокод не применился, а оплата прошла по полной цене",payment,ru
12,"Списали деньги за подписку которую я отменил ещё в мае",payment,ru
13,"Не могу оплатить картой Halyk, платёж отклоняется без причины",payment,ru
14,"Кэшбэк за прошлый месяц так и не начислили",payment,ru
15,"Оплата через Kaspi прошла, а в приложении заказ висит как неоплаченный",payment,ru
16,"Верните деньги!!! заказ отменили сами а возврат не сделали",payment,ru
17,"с баланса пропали бонусы после оплаты, должно было списаться частично",payment,ru
18,"Прошу выставить счёт на юрлицо, оплатили как физлицо по ошибке",payment,ru
19,"Комиссия при оплате оказалась больше чем было указано на сайте",payment,ru
20,"Заказ оплачен, а статус до сих пор ожидает оплаты. Деньги ушли, скрин есть",payment,ru
21,"как отменить автоплатёж? каждый месяц снимаете а я не пользуюсь",payment,ru
22,"Возврат пришёл не полностью, вернули 5000 из 7500",payment,ru
23,"не проходит оплата, пишет недостаточно средств, хотя деньги на карте есть",payment,ru
24,"Дважды оплатил доставку из-за зависшего экрана, верните одну оплату",payment,ru
25,"Чек об оплате не пришёл на почту, нужен для отчётности",payment,ru
26,"При смене тарифа списали полную стоимость вместо разницы",payment,ru
27,"Деньги заморожены на карте уже 5 дней после отмены заказа, когда разблокируете?",payment,ru
28,"оплатила заказ, потом отменила, а деньги так и не вернулись куда обращаться",payment,ru
29,"Төлем екі рет алынды, біреуін қайтарыңыздар",payment,kk
30,"Ақша картадан шешілді, бірақ тапсырыс расталмады",payment,kk
31,"Қайтарым қашан келеді? Тапсырыстан бір апта бұрын бас тарттым",payment,kk
32,"Жазылым үшін ақы алдыңыздар, бірақ мен оны өшіріп қойғанмын",payment,kk
33,"Төлем жасағанда қате шығады, ақша екі рет шешіліп қалды",payment,kk
34,"Kaspi арқылы төледім, қосымшада төленбеген деп тұр",payment,kk
35,"Тапсырысты қайтардым, ақшам әлі келген жоқ, 12 күн болды",payment,kk
36,"Неге менен 3500 орнына 7000 алынды? Түсіндіріңіздер",payment,kk
37,"Бонустарым төлем кезінде есептелмеді",payment,kk
38,"Промокод жұмыс істемеді, толық бағамен төлеп қойдым",payment,kk
39,"төлем өтпей жатыр, картада ақша бар, қате береді",payment,kk
40,"Автотөлемді қалай өшіруге болады? Әр ай сайын ақша алынады",payment,kk
41,"Қайтарым жартылай ғана келді, 4500 орнына 2000 қайтты",payment,kk
42,"Чек электрондық поштама келмеді, есеп үшін керек еді",payment,kk
43,"Тапсырыс болмады, ал ақша шешілді. Скрин жіберемін",payment,kk
44,"Картамнан белгісіз төлем шешілді, мен ештеңе сатып алған жоқпын",payment,kk
45,"Ақшаны қайтарыңыздар, тауар келмеді, ал төлем өтіп кетті",payment,kk
46,"Жеткізу ақысы екі рет алынды, экран қатып қалған еді",payment,kk
47,"Заказ отмечен как доставленный, но я ничего не получал",delivery,ru
48,"Курьер не приехал в выбранный интервал, весь день прождал",delivery,ru
49,"Где мой заказ 45120? Трек не обновляется третий день",delivery,ru
50,"Привезли не тот товар, заказывал синий, пришёл чёрный",delivery,ru
51,"Посылка пришла повреждённой, коробка вся мятая",delivery,ru
52,"Можно изменить адрес доставки? Заказ уже в пути",delivery,ru
53,"курьер позвонил и сказал что не приедет, перенесли доставку без моего согласия",delivery,ru
54,"Доставка задерживается уже на неделю, все сроки прошли",delivery,ru
55,"В заказе не хватает одной позиции, а оплачено всё",delivery,ru
56,"Пункт выдачи закрыт, а заказ туда уже приехал, что делать?",delivery,ru
57,"Заказал экспресс-доставку, а едет обычной, верните разницу",delivery,ru
58,"Статус передан курьеру висит 4 дня, никто не звонит",delivery,ru
59,"Хочу отменить заказ, он ещё не отправлен",delivery,ru
60,"перепутали заказы, мне приехал чужой",delivery,ru
61,"Курьер оставил посылку у двери без звонка, её кто-то забрал",delivery,ru
62,"Как перенести доставку на выходные? В будни не могу принять",delivery,ru
63,"Заказ вернулся отправителю, хотя я его ждал, никто не приходил",delivery,ru
64,"Товар в пункте выдачи, но выдать не могут, говорят нет в системе",delivery,ru
65,"Доставили только половину заказа, где остальное?",delivery,ru
66,"заказ 77821 едет уже вторую неделю по одному городу",delivery,ru
67,"Не могу выбрать доставку в моё село, раньше было можно",delivery,ru
68,"Курьер требовал доплату наличными, хотя доставка уже оплачена",delivery,ru
69,"Посылку выдали другому человеку без кода получения",delivery,ru
70,"Изменился номер телефона, курьер не может дозвониться, как обновить контакты в заказе?",delivery,ru
71,"заказ отменился сам со статусом не доставлен, хотя я был дома весь день",delivery,ru
72,"Сроки доставки при заказе были 2 дня, сейчас показывает 8",delivery,ru
73,"Трек-номер не находится в системе перевозчика",delivery,ru
74,"Заказ приехал в другой город, я указывал Алматы а он в Астане",delivery,ru
75,"Тапсырыс жеткізілді деп тұр, бірақ курьер келген жоқ",delivery,kk
76,"Тапсырысым қайда? Үшінші күн статус өзгермейді",delivery,kk
77,"Курьер таңдалған уақытта келмеді, күні бойы күттім",delivery,kk
78,"Басқа тауар әкелді, мен қызылын тапсырыс бергенмін",delivery,kk
79,"Қорап бүлініп келді, ішіндегісі сынған",delivery,kk
80,"Жеткізу мекенжайын өзгертуге бола ма? Тапсырыс жолда",delivery,kk
81,"Тапсырыстың жартысы ғана келді, қалғаны қайда?",delivery,kk
82,"жеткізу бір аптаға кешігіп жатыр, мерзімі өтіп кетті",delivery,kk
83,"Тапсырысты болдырмағым келеді, әлі жіберілмеген сияқты",delivery,kk
84,"Курьер қоңырау шалмай есік алдына тастап кеткен, посылка жоғалды",delivery,kk
85,"Экспресс жеткізуге төледім, кәдімгідей келе жатыр",delivery,kk
86,"Тапсырыс алып кету пунктіне келді, бірақ бермей жатыр",delivery,kk
87,"Менің тапсырысымды басқа адамға беріп жіберген",delivery,kk
88,"Телефон нөмірім өзгерді, курьерге қалай хабарлаймын?",delivery,kk
89,"тапсырыс басқа қалаға кетіп қалған, мен Шымкентте тұрамын",delivery,kk
90,"Жеткізу мерзімі 2 күн деп жазылған еді, қазір 9 күн көрсетеді",delivery,kk
91,"Трек нөмірі тасымалдаушы жүйесінен табылмайды",delivery,kk
92,"Курьер қолма-қол ақша сұрады, жеткізу төленген ғой",delivery,kk
93,"Не могу войти в аккаунт после смены номера телефона",account,ru
94,"Забыл пароль, письмо для восстановления не приходит",account,ru
95,"Аккаунт заблокирован без объяснения причин, помогите",account,ru
96,"Кто-то зашёл в мой профиль, пришло уведомление о входе с другого устройства",account,ru
97,"Не приходит смс с кодом подтверждения",account,ru
98,"Хочу удалить свой аккаунт и все данные",account,ru
99,"как сменить почту в профиле? старая недоступна",account,ru
100,"При регистрации пишет что номер уже используется, но я не регистрировался",account,ru
101,"Двухфакторка не работает, приложение не принимает код",account,ru
102,"Меня разлогинило на всех устройствах, пароль не подходит",account,ru
103,"Не могу изменить имя в профиле, кнопка сохранить неактивна",account,ru
104,"Подозреваю взлом, поменяйте пароль и завершите все сессии",account,ru
105,"восстановление через почту не работает, ссылка ведёт на ошибку",account,ru
106,"Профиль привязан к старому номеру, он больше не мой",account,ru
107,"Не помню ни пароль ни почту, только номер телефона, как восстановить доступ?",account,ru
108,"Заблокировали за подозрительную активность, но я ничего не нарушал",account,ru
109,"Хочу привязать вторую почту для входа",account,ru
110,"код подтверждения приходит через 10 минут, уже недействительный",account,ru
111,"Сменил пароль, а старый всё ещё работает, это нормально??",account,ru
112,"История заказов пропала из личного кабинета",account,ru
113,"Не могу отвязать карту от аккаунта в настройках",account,ru
114,"При входе через Google создался новый аккаунт вместо входа в старый",account,ru
115,"просит подтвердить личность документами, зачем вам мой паспорт?",account,ru
116,"Аккаунт удалился сам, восстановите пожалуйста, там были бонусы",account,ru
117,"Почта в профиле указана с опечаткой, письма не доходят",account,ru
118,"Можно как-то удалённо выйти из аккаунта на украденном телефоне?",account,ru
119,"Не сохраняются настройки уведомлений, включаются обратно",account,ru
120,"логин занят другим человеком хотя аккаунт мой, что происходит",account,ru
121,"Телефон нөмірін ауыстырғаннан кейін аккаунтқа кіре алмаймын",account,kk
122,"Құпия сөзді ұмыттым, қалпына келтіру хаты келмейді",account,kk
123,"Аккаунтым себепсіз бұғатталды, көмектесіңіздер",account,kk
124,"Растау коды бар смс келмей жатыр",account,kk
125,"Профильдегі поштаны қалай өзгертемін? Ескісіне кіре алмаймын",account,kk
126,"Біреу менің аккаунтыма кірген сияқты, басқа құрылғыдан кіру туралы хабарлама келді",account,kk
127,"Аккаунтымды және барлық деректерімді жойғым келеді",account,kk
128,"Тіркелгенде нөмір бос емес дейді, бірақ мен тіркелмегенмін",account,kk
129,"құпия сөзді ауыстырдым, енді ешбір құрылғыдан кіре алмай тұрмын",account,kk
130,"Екі факторлы код қабылданбайды, қайта-қайта қате дейді",account,kk
131,"Тапсырыстар тарихы жеке кабинетімнен жоғалып кетті",account,kk
132,"Аккаунт ескі нөмірге байланған, ол нөмір енді менікі емес",account,kk
133,"растау коды 10 минуттан кейін келеді, жарамсыз болып қалады",account,kk
134,"Профильдегі атымды өзгерте алмаймын, сақтау батырмасы басылмайды",account,kk
135,"Аккаунтымды бұзып кетті ме деп қорқамын, барлық сессияны аяқтаңыздар",account,kk
136,"Google арқылы кіргенде жаңа аккаунт ашылып кетті, ескісі керек",account,kk
137,"Картаны аккаунттан қалай ажыратамын, баптаулардан таппадым",account,kk
138,"ұрланған телефондағы аккаунттан қашықтан шығуға бола ма?",account,kk
139,"Приложение закрывается сразу после обновления",technical,ru
140,"Сайт не грузится, белый экран и всё",technical,ru
141,"Кнопка оформить заказ не нажимается на айфоне",technical,ru
142,"После обновления пропала тёмная тема",technical,ru
143,"приложение жутко тормозит на андроиде, листать невозможно",technical,ru
144,"Не загружаются фото товаров, вместо них серые квадраты",technical,ru
145,"Ошибка 500 при открытии корзины",technical,ru
146,"Поиск не работает, на любой запрос выдаёт пусто",technical,ru
147,"Уведомления приходят с опозданием на несколько часов",technical,ru
148,"Не могу прикрепить фото к отзыву, загрузка виснет",technical,ru
149,"Приложение вылетает при открытии раздела акций",technical,ru
150,"На планшете интерфейс съехал, кнопки перекрывают текст",technical,ru
151,"фильтры в каталоге сбрасываются при возврате назад",technical,ru
152,"Корзина очищается сама после закрытия приложения",technical,ru
153,"Не работает оплата через apple pay, кнопка неактивна",technical,ru
154,"Карта на странице доставки не отображается, просто серое поле",technical,ru
155,"Постоянно выбрасывает ошибку нет соединения при рабочем интернете",technical,ru
156,"После входа бесконечная загрузка, дальше не пускает",technical,ru
157,"Виджет на главном экране перестал обновляться",technical,ru
158,"приложение весит 800мб после обновления, это нормально вообще?",technical,ru
159,"Тексты в казахской версии наезжают друг на друга",technical,ru
160,"Push приходят дублями, по 3-4 одинаковых",technical,ru
161,"Невозможно скопировать трек-номер, кнопка копирования не работает",technical,ru
162,"При повороте экрана приложение перезапускается",technical,ru
163,"Голосовой поиск не запускается, хотя микрофон разрешён",technical,ru
164,"страница заказа грузится по минуте, остальные быстро",technical,ru
165,"QR-код для получения заказа не открывается, чёрный экран",technical,ru
166,"Сайт в сафари виснет на этапе выбора города",technical,ru
167,"Қосымша жаңартудан кейін ашылмай қалды",technical,kk
168,"Сайт жүктелмейді, ақ экран ғана шығады",technical,kk
169,"Тапсырыс беру батырмасы басылмайды",technical,kk
170,"Қосымша андроидте қатты ақырындап тұр",technical,kk
171,"Тауар суреттері жүктелмейді, сұр квадраттар көрінеді",technical,kk
172,"Себетті ашқанда 500 қатесі шығады",technical,kk
173,"Іздеу жұмыс істемейді, ешнәрсе таппайды",technical,kk
174,"қосымша акциялар бөлімін ашқанда жабылып қалады",technical,kk
175,"Хабарламалар бірнеше сағат кешігіп келеді",technical,kk
176,"Пікірге сурет тіркей алмаймын, жүктеу қатып қалады",technical,kk
177,"Себет қосымшаны жапқанда өзі тазаланып қалады",technical,kk
178,"Интернет бар, бірақ байланыс жоқ қатесі шыға береді",technical,kk
179,"Кіргеннен кейін шексіз жүктелу, әрі қарай өтпейді",technical,kk
180,"қазақша нұсқада мәтіндер бір-бірінің үстіне шығып тұр",technical,kk
181,"Push хабарламалар 3-4 реттен қайталанып келеді",technical,kk
182,"Тапсырыс беті өте баяу ашылады, басқа беттер жылдам",technical,kk
183,"QR-код ашылмайды, қара экран көрсетеді",technical,kk
184,"Экранды бұрғанда қосымша қайта іске қосылады",technical,kk
185,"Здравствуйте, оформил рассрочку, но первый платёж списался двумя суммами",payment,ru
186,"Пополнил баланс на 10000, зачислилось только 5000",payment,ru
187,"Оплата картой Visa не проходит, пробовал три раза, деньги блокируются и возвращаются",payment,ru
188,"Подключил премиум по акции за 990, а списали 1990",payment,ru
189,"Отменил заказ через минуту после оплаты, возврата нет уже месяц!",payment,ru
190,"Почему исчезла возможность оплаты по QR? Мне так удобнее",payment,ru
191,"При оплате заказа 120458 деньги ушли, а заказ отменился, поддержка молчит",payment,ru
192,"Банк подтверждает списание, а у вас в системе платёж не виден. Куда делись деньги?",payment,ru
193,"Хочу оформить возврат средств на другую карту, старая закрыта",payment,ru
194,"Списание прошло в тенге по завышенному курсу, хотя цена была указана в рублях",payment,ru
195,"За что списали 199 тг? У меня нет никаких подписок",payment,ru
196,"Купил подарочный сертификат, деньги списались, сертификат не пришёл",payment,ru
197,"в чеке сумма одна, с карты списали больше на 300 тенге",payment,ru
198,"Рассрочка одобрена, но заказ всё равно требует полную оплату",payment,ru
199,"Задвоился платёж за интернет-заказ, банк говорит обращаться к вам",payment,ru
200,"Прошёл возврат только за товар, а за доставку деньги не вернули",payment,ru
201,"Скидка постоянного клиента не применилась при оплате",payment,ru
202,"Пытаюсь оплатить бонусами, система пишет что бонусов недостаточно, хотя их 5000",payment,ru
203,"Оплатил вчера вечером, до сих пор статус проверка платежа",payment,ru
204,"Мне ошибочно начислили чужой платёж, заберите обратно, не хочу проблем",payment,ru
205,"Как получить фискальный чек за прошлый месяц?",payment,ru
206,"Автосписание прошло дважды в один день, это как понимать",payment,ru
207,"Заказ оплачен, магазин говорит оплата не прошла, а деньги с карты ушли",payment,ru
208,"Верну ли я деньги если отменю подписку в середине месяца?",payment,ru
209,"Платёж отклонён, а лимит на карте уменьшился, деньги висят",payment,ru
210,"Не пришёл возврат 12500 тг за заказ 99101, обещали за 5 дней",payment,ru
211,"сняли комиссию за пополнение хотя написано без комиссии",payment,ru
212,"Цена в корзине изменилась в момент оплаты, списали больше",payment,ru
213,"Заказал в рассрочку, пришло два графика платежей на один заказ",payment,ru
214,"Оплата навсегда зависла в статусе обработки, отмените её пожалуйста",payment,ru
215,"Кассир не смог провести оплату по вашему QR, деньги при этом списались",payment,ru
216,"Начислите кэшбэк за заказ 55532, прошло уже 2 недели",payment,ru
217,"Мой платёж ушёл на другой аккаунт, ошибся номером, помогите вернуть",payment,ru
218,"С подписки не сняли оплату и её отключили, хочу продлить",payment,ru
219,"Вернулась только часть суммы, где остаток?",payment,ru
220,"невозможно привязать карту для оплаты, пишет ошибка банка",payment,ru
221,"Дважды сняли за одну и ту же услугу, нужен возврат одной суммы",payment,ru
222,"Заплатил за год вперёд, а тариф сменили и требуют доплату",payment,ru
223,"Обещали вернуть деньги после отмены — прошло 3 недели, тишина",payment,ru
224,"Платёж прошёл, но бонусы за него не начислены, по акции должно быть 10%",payment,ru
225,"Не работает оплата половины суммы бонусами как раньше",payment,ru
226,"Заказ отменён продавцом, а возврат оформили только через 10 дней после жалобы",payment,ru
227,"Хочу чек с реквизитами компании для бухгалтерии, как получить?",payment,ru
228,"При смене карты старая подписка продолжает списываться со старой карты",payment,ru
229,"Курс конвертации при оплате оказался хуже заявленного, верните разницу",payment,ru
230,"заказ оплатил дважды случайно, второй платеж верните",payment,ru
231,"Бөліп төлеу рәсімделді, бірақ бірінші төлем екі есе шешілді",payment,kk
232,"Балансты 10000-ға толтырдым, тек 5000 түсті",payment,kk
233,"Visa картасымен төлем өтпейді, үш рет көрдім",payment,kk
234,"Акция бойынша 990 теңге болу керек еді, 1990 алынды",payment,kk
235,"Тапсырысты төлегеннен кейін бірден бас тарттым, қайтарым әлі жоқ",payment,kk
236,"QR арқылы төлеу мүмкіндігі неге жоғалды?",payment,kk
237,"Банк ақша шешілді дейді, сіздердің жүйеде төлем көрінбейді",payment,kk
238,"Қайтарымды басқа картаға рәсімдеуге бола ма? Ескі карта жабылған",payment,kk
239,"Менен белгісіз 199 теңге алынды, ешқандай жазылымым жоқ",payment,kk
240,"Сертификат сатып алдым, ақша кетті, сертификат келмеді",payment,kk
241,"чекте бір сома, картадан 300 теңгеге артық шешілді",payment,kk
242,"Тұрақты клиент жеңілдігі төлем кезінде қолданылмады",payment,kk
243,"Кеше кешке төледім, әлі күнге дейін төлемді тексеру статусында",payment,kk
244,"Автотөлем бір күнде екі рет өтті, бұл қалай?",payment,kk
245,"Жазылымды айдың ортасында өшірсем ақша қайта ма?",payment,kk
246,"99101 тапсырысы үшін 12500 теңге қайтарым келмеді, 5 күн деген",payment,kk
247,"толтыруға комиссия алынды, комиссиясыз деп жазылған ғой",payment,kk
248,"Төлем кезінде себеттегі баға өзгеріп кетті, артық алынды",payment,kk
249,"Бонустармен төлей алмаймын, бонус жеткіліксіз дейді, 5000 бар ғой",payment,kk
250,"Ақшаны қате нөмірге аударып жібердім, қайтаруға көмектесіңіздер",payment,kk
251,"Соманың жартысы ғана қайтты, қалғаны қашан келеді?",payment,kk
252,"Карта байланбайды, банк қатесі деп жазады",payment,kk
253,"Бір қызмет үшін екі рет ақы алынды, біреуін қайтарыңыздар",payment,kk
254,"Жылға алдын ала төледім, енді тариф өзгерді, қосымша ақы сұрайды",payment,kk
255,"Төлем өтті, бірақ акция бойынша 10% бонус есептелмеді",payment,kk
256,"Сатушы тапсырысты болдырмады, қайтарым 10 күннен кейін ғана келді",payment,kk
257,"Бухгалтерия үшін деректемелері бар чек қалай алуға болады?",payment,kk
258,"кездейсоқ екі рет төлеп қойдым, екіншісін қайтарыңыздар",payment,kk
259,"Курьер уже третий раз переносит доставку, сколько можно",delivery,ru
260,"Заказ разделили на две доставки без предупреждения, вторая часть неизвестно где",delivery,ru
261,"В приложении написано доставим сегодня, курьерская служба говорит завтра",delivery,ru
262,"Хрупкий товар бросили в общий мешок, всё разбилось",delivery,ru
263,"Прошу доставить после 18:00, днём никого нет дома",delivery,ru
264,"Заказ уехал в постамат, а я выбирал доставку до двери",delivery,ru
265,"Постамат не открывает ячейку, код правильный",delivery,ru
266,"Заказ лежит на складе 5 дней и не двигается",delivery,ru
267,"невозможно дозвониться до курьера, номер недоступен",delivery,ru
268,"Указан неверный подъезд в заказе, как исправить?",delivery,ru
269,"Доставку отменили из-за непогоды, новую дату не назначили",delivery,ru
270,"Мне нужна доставка в больницу, курьер отказался подняться",delivery,ru
271,"Заказ помечен как возврат отправителю без единой попытки доставки",delivery,ru
272,"Курьер приехал раньше на 3 часа и уехал, не дождавшись меня",delivery,ru
273,"заказ из двух коробок, привезли одну, вторую потеряли",delivery,ru
274,"Пункт выдачи переехал, а в заказе старый адрес",delivery,ru
275,"Сказали что заказ утерян при транспортировке, что теперь делать?",delivery,ru
276,"Заказ едет из соседнего города уже 12 дней",delivery,ru
277,"Курьер отказался ждать пока я проверю товар",delivery,ru
278,"Как заказать доставку в другой город не себе, а родителям?",delivery,ru
279,"Оплатил доставку до двери, а бросили в пункт выдачи",delivery,ru
280,"Товар должен был приехать к празднику, опоздал на 4 дня, потерял смысл",delivery,ru
281,"трек показывает что посылка едет обратно, я её не отменял",delivery,ru
282,"Заказ передали в стороннюю курьерку и он пропал с радаров",delivery,ru
283,"Курьер не понимал ни русский ни казахский, не смогли объясниться, доставка сорвалась",delivery,ru
284,"Дважды был дома в интервал доставки, оба раза отметили клиент отсутствует",delivery,ru
285,"Посылка с наложенным платежом, а я её уже оплатил онлайн",delivery,ru
286,"Заказ приехал вскрытым, скотч переклеен",delivery,ru
287,"В пункте выдачи огромная очередь, можно продлить срок хранения?",delivery,ru
288,"Заказ вернули так как истёк срок хранения, меня не уведомили ни разу",delivery,ru
289,"как изменить получателя? заберёт жена, нужен её номер в заказе",delivery,ru
290,"Курьер оставил заказ соседям без моего согласия",delivery,ru
291,"Интервал доставки 9-21, это издевательство, весь день ждать?",delivery,ru
292,"Доставка в наш ЖК не работает, курьеры не находят вход",delivery,ru
293,"заказ 33307 стоит на таможне 2 недели, какие документы нужны?",delivery,ru
294,"Продукты приехали растаявшими, холодовая цепь нарушена",delivery,ru
295,"Не приходит смс с кодом получения в пункте выдачи",delivery,ru
296,"Заказ отдали без проверки паспорта, а там были документы",delivery,ru
297,"Перенесли доставку на завтра уже в 20:00, я отпросился с работы зря",delivery,ru
298,"Крупногабарит подняли только до подъезда, а оплачен подъём на этаж",delivery,ru
299,"Автоматически выбрался платный самовывоз, хотя есть бесплатный",delivery,ru
300,"курьер просит встретить у метро, разве это доставка до адреса?",delivery,ru
301,"Посылка ушла в другой пункт выдачи на другом конце города",delivery,ru
302,"Собранный заказ отменился сам через сутки, товар снова ждать?",delivery,ru
303,"Заказал 5 позиций, приехало 3, а статус — доставлен полностью",delivery,ru
304,"Служба доставки сменилась и мой адрес больше не обслуживается",delivery,ru
305,"Курьер жеткізуді үшінші рет ауыстырып жатыр, бұл қалай?",delivery,kk
306,"Тапсырыс ескертусіз екіге бөлінді, екінші бөлігі қайда белгісіз",delivery,kk
307,"Қосымшада бүгін жеткіземіз деп тұр, курьер қызметі ертең дейді",delivery,kk
308,"Сынғыш тауарды ортақ қапқа салған, бәрі сынып қалды",delivery,kk
309,"18:00-ден кейін жеткізуді сұраймын, күндіз үйде ешкім жоқ",delivery,kk
310,"Есікке дейін жеткізуді таңдадым, тапсырыс постаматқа кетті",delivery,kk
311,"Постамат ұяшықты ашпайды, код дұрыс",delivery,kk
312,"Тапсырыс қоймада 5 күн жатыр, қозғалмайды",delivery,kk
313,"курьерге хабарласа алмаймын, нөмірі қолжетімсіз",delivery,kk
314,"Тапсырыста подъезд қате көрсетілген, қалай түзетемін?",delivery,kk
315,"Тауар мерекеге дейін келуі керек еді, 4 күнге кешікті",delivery,kk
316,"Трек посылка кері қайтып бара жатқанын көрсетеді, мен бас тартқан жоқпын",delivery,kk
317,"Жеткізу уақытында екі рет үйде болдым, екеуінде де клиент жоқ деп белгілеген",delivery,kk
318,"Тапсырыс ашылған күйде келді, скотчы қайта желімделген",delivery,kk
319,"Сақтау мерзімі өтті деп қайтарып жіберген, маған ешкім хабарламаған",delivery,kk
320,"Алушыны қалай өзгертемін? Тапсырысты әйелім барып алады",delivery,kk
321,"Курьер тапсырысты көршілерге қалдырып кеткен, менің келісімімсіз",delivery,kk
322,"Жеткізу интервалы 9-21, күні бойы күту керек пе?",delivery,kk
323,"Біздің тұрғын кешенге жеткізу жұмыс істемейді, курьерлер кіреберісті таппайды",delivery,kk
324,"Азық-түлік еріп келді, суық тізбек бұзылған",delivery,kk
325,"Алу пунктінде код келмейді, смс жоқ",delivery,kk
326,"Жеткізуді ертеңге ауыстырды, жұмыстан бекер сұрандым",delivery,kk
327,"Ірі тауарды подъезге дейін ғана көтерді, қабатқа көтеру төленген еді",delivery,kk
328,"курьер метро жанында кездесуді сұрайды, бұл мекенжайға жеткізу ме?",delivery,kk
329,"Посылка қаланың басқа шетіндегі пунктке кетіп қалды",delivery,kk
330,"5 тауарға тапсырыс бердім, 3-еуі келді, статус толық жеткізілді дейді",delivery,kk
331,"Тегін алып кету бар, бірақ жүйе ақылысын таңдап қойды",delivery,kk
332,"Жиналған тапсырыс бір тәуліктен кейін өзі жойылды, қайта күтемін бе?",delivery,kk
333,"Почему меня просят заново подтверждать номер каждые 3 дня?",account,ru
334,"Аккаунт объединили с чужим после входа через соцсеть",account,ru
335,"Не могу установить надёжный пароль, любые варианты отклоняются",account,ru
336,"Смените мне логин, в нём моя старая фамилия",account,ru
337,"письмо подтверждения улетает в спам и ссылка уже неактивна",account,ru
338,"У меня два аккаунта, можно объединить бонусы и историю?",account,ru
339,"Постоянно выкидывает из аккаунта раз в час, приходится входить заново",account,ru
340,"Приходят коды подтверждения которые я не запрашивал, кто-то ломится в аккаунт",account,ru
341,"Заблокирован вход после 5 неверных попыток, сколько ждать разблокировку?",account,ru
342,"Хочу скачать все свои данные, как это сделать?",account,ru
343,"Профиль показывает чужие данные, чьи-то заказы и адреса!!",account,ru
344,"Невозможно удалить старый адрес из профиля",account,ru
345,"Регистрация не завершается, смс приходит после истечения таймера",account,ru
346,"Аккаунт зарегистрирован на мой номер без моего ведома",account,ru
347,"как отключить вход по биометрии? телефон общий с ребенком",account,ru
348,"После удаления аккаунта продолжают приходить письма",account,ru
349,"Не могу сменить регион в профиле, переехал в другой город",account,ru
350,"Взломали и поменяли почту, восстановление теперь не работает, помогите!!",account,ru
351,"Не даёт установить фото профиля, ошибка загрузки",account,ru
352,"Требует обновить пароль при каждом входе, так и должно быть?",account,ru
353,"Хочу закрыть доступ к аккаунту из других стран",account,ru
354,"Сессия на старом ноутбуке активна, ноут продал, завершите её",account,ru
355,"вход по номеру перестал работать, только через почту пускает",account,ru
356,"Дата рождения в профиле неверная, поле не редактируется",account,ru
357,"Аккаунт ребёнка привязан к моему, как отвязать?",account,ru
358,"Уведомление о входе из другого города, а я никуда не выезжал",account,ru
359,"Не приходит код на почту gmail, на другую почту приходит",account,ru
360,"Потерял доступ к номеру и почте одновременно, есть паспорт, восстановите",account,ru
361,"одноразовые коды приходят по 2-3 штуки сразу, какой вводить?",account,ru
362,"Хочу переименовать аккаунт на новую фамилию после замужества",account,ru
363,"Забыл ответ на контрольный вопрос, других способов восстановления нет",account,ru
364,"В аккаунте активность которую я не совершал: изменён адрес доставки",account,ru
365,"Почему мой аккаунт понизили до базового? Был премиум статус",account,ru
366,"Не могу выйти из аккаунта на сайте, сессия остаётся активной",account,ru
367,"просит согласие на обработку данных каждый раз при входе",account,ru
368,"Аккаунт заблокирован за возвраты, но все возвраты были обоснованные",account,ru
369,"Верификация личности отклонена без причины, фото чёткое",account,ru
370,"Номер перешёл ко мне от другого владельца, на нём чужой аккаунт",account,ru
371,"Хочу настроить вход только с подтверждением на почту",account,ru
372,"Пуш о смене пароля пришёл ночью, я пароль не менял!",account,ru
373,"в личном кабинете исчезли сохранённые адреса и карты",account,ru
374,"Заблокируйте мой аккаунт временно, уезжаю надолго",account,ru
375,"Логин с точкой не принимается, хотя раньше работал",account,ru
376,"Аккаунт удалён по моей просьбе, но передумал, можно вернуть?",account,ru
377,"Не отображается статус лояльности в профиле, копил год",account,ru
378,"Двухфакторная авторизация отключилась сама, включите обратно",account,ru
379,"Неге әр 3 күн сайын нөмірді қайта растау керек?",account,kk
380,"Сенімді құпия сөз орнатылмайды, барлық нұсқа қабылданбайды",account,kk
381,"Растау хаты спамға түсіп кетеді, сілтеме жарамсыз болып қалады",account,kk
382,"Екі аккаунтым бар, бонустар мен тарихты біріктіруге бола ма?",account,kk
383,"Сағат сайын аккаунттан шығарып жібереді, қайта кіремін",account,kk
384,"Мен сұрамаған растау кодтары келіп жатыр, біреу аккаунтыма кіргісі келеді",account,kk
385,"5 қате әрекеттен кейін кіру бұғатталды, қанша күтемін?",account,kk
386,"Барлық деректерімді жүктеп алғым келеді, қалай жасаймын?",account,kk
387,"Профильде басқа адамның деректері көрінеді, бөтен тапсырыстар!",account,kk
388,"Ескі мекенжайды профильден өшіре алмаймын",account,kk
389,"Тіркелу аяқталмайды, смс таймер біткеннен кейін келеді",account,kk
390,"Менің нөміріме мен білмейтін аккаунт тіркелген",account,kk
391,"Аккаунтты жойғаннан кейін де хаттар келе береді",account,kk
392,"Профильдегі аймақты өзгерте алмаймын, басқа қалаға көштім",account,kk
393,"Аккаунтты бұзып, поштаны ауыстырып жіберген, қалпына келтіру істемейді",account,kk
394,"Әр кірген сайын құпия сөзді жаңарту талап етіледі",account,kk
395,"Ескі ноутбуктегі сессияны аяқтаңыздар, ноутбукті саттым",account,kk
396,"туған күн профильде қате, өріс өзгертілмейді",account,kk
397,"Басқа қаладан кіру туралы хабарлама келді, мен еш жаққа шыққан жоқпын",account,kk
398,"Нөмір мен поштаға қолжетімділікті бір мезгілде жоғалттым, паспортым бар",account,kk
399,"Бір реттік кодтар 2-3 данадан келеді, қайсысын енгіземін?",account,kk
400,"Тұрмысқа шыққаннан кейін аккаунтты жаңа тегіме өзгерткім келеді",account,kk
401,"Мен жасамаған әрекеттер бар: жеткізу мекенжайы өзгертілген",account,kk
402,"Аккаунтымды уақытша бұғаттаңыздар, ұзақ уақытқа кетемін",account,kk
403,"Түнде құпия сөз өзгерді деген push келді, мен өзгерткен жоқпын!",account,kk
404,"жеке кабинетте сақталған мекенжайлар мен карталар жоғалды",account,kk
405,"Аккаунт өз өтінішіммен жойылған, қайтаруға бола ма?",account,kk
406,"Екі факторлы авторизация өзі өшіп қалды, қайта қосыңыздар",account,kk
407,"Экран оплаты мигает и перезагружается по кругу",technical,ru
408,"Приложение не открывается вообще после последнего апдейта, iphone 12",technical,ru
409,"Бесконечный спиннер при добавлении товара в корзину",technical,ru
410,"История просмотров подгружается по 5 минут",technical,ru
411,"тёмная тема применяется наполовину, часть экранов белые",technical,ru
412,"Не работает пуш при изменении статуса заказа, приходится заходить проверять",technical,ru
413,"Ошибка 404 на странице личного кабинета с компьютера",technical,ru
414,"Стрелка назад в приложении закрывает всё приложение",technical,ru
415,"Каталог показывает вчерашние цены, обновление не помогает",technical,ru
416,"Видео в карточке товара не воспроизводится, чёрный прямоугольник",technical,ru
417,"При вводе казахских букв поиск падает с ошибкой",technical,ru
418,"Клавиатура перекрывает поле комментария, не видно что пишу",technical,ru
419,"автозаполнение адреса подставляет другой город",technical,ru
420,"Приложение греет телефон и съедает батарею за час",technical,ru
421,"Не скроллится список заказов, зависает на втором экране",technical,ru
422,"Тексты кнопок не влезают, обрезаны на маленьком экране",technical,ru
423,"Смахивание товара влево удаляет его без подтверждения",technical,ru
424,"Ночной режим сбрасывается после перезапуска приложения",technical,ru
425,"При оформлении вылетает на этапе выбора времени доставки",technical,ru
426,"сайт грузится только с vpn, без vpn таймаут",technical,ru
427,"Уведомления открывают главную вместо нужного заказа",technical,ru
428,"Голос подсказки дублируется дважды в режиме доступности",technical,ru
429,"Не работает вставка из буфера в поле промокода",technical,ru
430,"Категории каталога пустые, товары появляются через раз",technical,ru
431,"Оплата зависает на экране 3D-Secure, страница не грузится дальше",technical,ru
432,"Приложение просит обновление, а в маркете обновления нет",technical,ru
433,"лагает анимация корзины, телефон новый",technical,ru
434,"Фото в отзывах загружаются боком",technical,ru
435,"Виснет на заставке при запуске, помогает только переустановка",technical,ru
436,"Стёрлись все сохранённые фильтры после апдейта",technical,ru
437,"Push настройки не сохраняются, галочки слетают",technical,ru
438,"Не грузится карта пунктов выдачи, серый экран вместо карты",technical,ru
439,"При смене языка на казахский половина интерфейса остаётся на русском",technical,ru
440,"Планшетная версия растянута, кнопки гигантские",technical,ru
441,"заказ невозможно оформить в веб-версии, кнопка неактивна, в приложении работает",technical,ru
442,"Сумма в корзине считается неправильно при добавлении акционного товара",technical,ru
443,"Ссылка из письма ведёт на несуществующую страницу",technical,ru
444,"Виджет заказа показывает вчерашний статус",technical,ru
445,"Электронная почта в форме не проходит валидацию, хотя написана корректно",technical,ru
446,"Капча не загружается, войти невозможно",technical,ru
447,"страница оплаты перекидывает обратно в корзину по кругу",technical,ru
448,"Избранное не синхронизируется между телефоном и сайтом",technical,ru
449,"При скролле каталога картинки товаров меняются местами",technical,ru
450,"Кнопка поддержки в приложении не открывает чат",technical,ru
451,"После обновления слетел выбранный город, показывает Караганду",technical,ru
452,"Часы работы пункта выдачи отображаются неверно, в полночь написано открыто",technical,ru
453,"Төлем экраны жыпылықтап, қайта жүктеле береді",technical,kk
454,"Соңғы жаңартудан кейін қосымша мүлдем ашылмайды",technical,kk
455,"Тауарды себетке қосқанда шексіз жүктелу белгісі айналады",technical,kk
456,"қараңғы тема жартылай ғана қолданылады, кейбір экрандар ақ",technical,kk
457,"Тапсырыс статусы өзгергенде push келмейді, өзім кіріп тексеремін",technical,kk
458,"Компьютерден жеке кабинет бетінде 404 қатесі шығады",technical,kk
459,"Артқа батырмасы бүкіл қосымшаны жауып тастайды",technical,kk
460,"Каталог кешегі бағаларды көрсетеді, жаңарту көмектеспейді",technical,kk
461,"Қазақша әріптерді енгізгенде іздеу құлап қалады",technical,kk
462,"Пернетақта пікір өрісін жауып тұрады, не жазғаным көрінбейді",technical,kk
463,"Қосымша телефонды қыздырып, батареяны тез отырғызады",technical,kk
464,"Тапсырыстар тізімі скроллданбайды, екінші экранда қатып қалады",technical,kk
465,"батырма мәтіндері сыймай, кесіліп тұр",technical,kk
466,"Рәсімдеу кезінде жеткізу уақытын таңдағанда жабылып қалады",technical,kk
467,"Хабарламалар керек тапсырыстың орнына басты бетті ашады",technical,kk
468,"Промокод өрісіне буферден қою жұмыс істемейді",technical,kk
469,"Каталог категориялары бос, тауарлар анда-санда шығады",technical,kk
470,"Қосымша жаңартуды сұрайды, маркетте жаңарту жоқ",technical,kk
471,"Пікірлердегі суреттер қисық жүктеледі",technical,kk
472,"Іске қосқанда заставкада қатып қалады, тек қайта орнату көмектеседі",technical,kk
473,"Push баптаулары сақталмайды, белгілер ұшып кетеді",technical,kk
474,"Алып кету пункттерінің картасы жүктелмейді, сұр экран",technical,kk
475,"Тілді қазақшаға ауыстырғанда интерфейстің жартысы орысша қалады",technical,kk
476,"вебте тапсырыс рәсімделмейді, батырма өлі, қосымшада істейді",technical,kk
477,"Акциялық тауар қосқанда себеттегі сома қате есептеледі",technical,kk
478,"Хаттағы сілтеме жоқ бетке апарады",technical,kk
479,"Капча жүктелмейді, кіру мүмкін емес",technical,kk
480,"Жаңартудан кейін таңдалған қала ұшып кетті",technical,kk
